year,quarter,submarket,size_band,metric,value,unit,source_name,source_url,source_date,notes,source_parts
2019,FY,Northern & Central NJ,all,leasing_volume_sf,26.6,SF_millions,Cushman & Wakefield Reports 'Bests' for N.J. Industrial and Office Sectors (year-end 2019 press release),https://www.cushmanwakefield.com/en/united-states/news/2020/01/nj-year-end-industrial-and-office-sectors,2020-01-31,2019 annual new leasing total; second-largest total of the decade.,D1_cushman_savills.jsonl
2019,Q4,I-95 / NJ Turnpike corridor,all,trend_statement,1,count,Cushman & Wakefield Reports 'Bests' for N.J. Industrial and Office Sectors (year-end 2019 press release),https://www.cushmanwakefield.com/en/united-states/news/2020/01/nj-year-end-industrial-and-office-sectors,2020-01-31,Seven of eight primary NJ Turnpike submarkets had sub-3.0% warehouse vacancy; overall average asking rent hit a new high in Q4 2019.,D1_cushman_savills.jsonl
2019,Q4,Northern & Central NJ,all,leasing_volume_sf,7.0,SF_millions,Cushman & Wakefield Reports 'Bests' for N.J. Industrial and Office Sectors (year-end 2019 press release),https://www.cushmanwakefield.com/en/united-states/news/2020/01/nj-year-end-industrial-and-office-sectors,2020-01-31,'Just over 7.0 msf' of new industrial leases inked in Q4 2019.,D1_cushman_savills.jsonl
2019,Q4,Northern & Central NJ,all,vacancy_change_yoy,-40,bps,Cushman & Wakefield Reports 'Bests' for N.J. Industrial and Office Sectors (year-end 2019 press release),https://www.cushmanwakefield.com/en/united-states/news/2020/01/nj-year-end-industrial-and-office-sectors,2020-01-31,Vacancy down 40 bps from year-end 2018 to 2.8%.,D1_cushman_savills.jsonl
2019,Q4,Northern & Central NJ,all,vacancy_rate,2.8,percent,Cushman & Wakefield Reports 'Bests' for N.J. Industrial and Office Sectors (year-end 2019 press release),https://www.cushmanwakefield.com/en/united-states/news/2020/01/nj-year-end-industrial-and-office-sectors,2020-01-31,"Overall industrial vacancy at year-end 2019, a record low.",D1_cushman_savills.jsonl
2021,,New Jersey,all,cap_rate_high,3.25,percent,"Real Estate NJ: Investor demand for industrial space soaring to new heights, as rents rise at record pace",https://re-nj.com/investor-demand-for-industrial-space-soaring-to-new-heights-as-rents-rise-at-record-pace/,2021,"Jose Cruz, JLL Capital Markets; high-end/Class A NJ industrial trades; cap rates expected to compress further given lack of space and new investor influx; date approximate",D3_jll_kislak.jsonl
2021,,New Jersey,all,cap_rate_low,3.0,percent,"Real Estate NJ: Investor demand for industrial space soaring to new heights, as rents rise at record pace",https://re-nj.com/investor-demand-for-industrial-space-soaring-to-new-heights-as-rents-rise-at-record-pace/,2021,"Jose Cruz, JLL Capital Markets: 'sub-three is rare, but three to three and a quarter is feeling more and more like the norm' for high-end NJ industrial; article year inferred from content (prices compared with 2020), date approximate",D3_jll_kislak.jsonl
2021,,New Jersey,all,trend_statement,1,count,"Real Estate NJ: Investor demand for industrial space soaring to new heights, as rents rise at record pace",https://re-nj.com/investor-demand-for-industrial-space-soaring-to-new-heights-as-rents-rise-at-record-pace/,2021,"Cap rates fell below 3% on several recent high-end NJ industrial trades, per JLL Capital Markets (Jose Cruz); date approximate",D3_jll_kislak.jsonl
2021,,Northern NJ,all,avg_price_psf,202,USD/SF,"Real Estate NJ: Investor demand for industrial space soaring to new heights, as rents rise at record pace",https://re-nj.com/investor-demand-for-industrial-space-soaring-to-new-heights-as-rents-rise-at-record-pace/,2021,"Average sale price for northern NJ industrial deals rose to $202/SF, +35% vs 2020; firm attribution for this figure not stated in search excerpt (article also quotes JLL and CBRE IM); date approximate",D3_jll_kislak.jsonl
2021,FY,Northern/Central NJ,all,asking_rent_growth_yoy,55,percent,Real Estate NJ - CBRE: Rents for top New Jersey industrial buildings rise 55 percent in 2021,https://re-nj.com/cbre-rents-for-top-new-jersey-industrial-buildings-rise-55-percent-in-2021/,2022,Rents for top (Class A) NJ industrial buildings rose 55% in 2021 per CBRE (headline figure),D2_cbre_lee.jsonl
2021,Q4,Somerset,all,vacancy_rate,2.5,percent,Lee & Associates New Jersey Q4 2021 Somerset County Industrial Market Snapshot,https://www.lee-associates.com/newjersey/wp-content/uploads/sites/22/2022/02/Q4-2021-SOMERSET-COUNTY-INDUSTRIAL-Market-Snapshot__JFLZ.pdf,2022-02,Somerset County industrial vacancy per Lee NJ county snapshot,D2_cbre_lee.jsonl
2022,FY,Northern/Central NJ,200K+,taking_rent_psf,14.99,USD/SF,CBRE 2024 North America Industrial Big-Box Review & Outlook - Northern/Central New Jersey,https://www.cbre.com/insights/local-response/2024-north-america-industrial-big-box-northern-central-new-jersey,2024,"First-year taking rent year-end 2022 (comparison figure in 2024 review). Big-box (CBRE big-box = 200K+ SF). Attribution to big-box report inferred from content (taking rents, completions language) in search summary that also listed the Q4 2023 Figures page; verify.",D2_cbre_lee.jsonl
2022,Q2,Northern/Central NJ,all,availability_rate,4.4,percent,citybiz - CBRE: Northern and Central New Jersey Industrial Rents Climb at Robust Pace as Availability Rate Hits New Low of 4.4% in Q2 2022,https://www.citybiz.co/article/291754/cbre-northern-and-central-new-jersey-industrial-rents-climb-at-robust-pace-as-availability-rate-hits-new-low-of-4-4-in-q2-2022/,2022-07,Availability rate hit new low of 4.4% in Q2 2022 (figure from CBRE press release headline; also covered by ROI-NJ 2022-07-13 https://www.roi-nj.com/2022/07/13/real_estate_development/cbre-northern-central-n-j-industrial-rents-climb-at-robust-pace-availability-hits-new-low/),D2_cbre_lee.jsonl
2022,Q4,Northern/Central NJ,all,asking_rent_growth_qoq,3.4,percent,CBRE Q4 2022 New Jersey Industrial Figures,https://www.cbre.com/insights/figures/q4-2022-new-jersey-industrial-figures,2023-01,Class A average asking rent QoQ growth,D2_cbre_lee.jsonl
2022,Q4,Northern/Central NJ,all,asking_rent_growth_yoy,8.0,percent,CBRE Q4 2022 New Jersey Industrial Figures,https://www.cbre.com/insights/figures/q4-2022-new-jersey-industrial-figures,2023-01,Class A average asking rent YoY growth,D2_cbre_lee.jsonl
2022,Q4,Northern/Central NJ,all,asking_rent_psf,19.02,USD/SF,CBRE Q4 2022 New Jersey Industrial Figures,https://www.cbre.com/insights/figures/q4-2022-new-jersey-industrial-figures,2023-01,Class A average industrial asking rent at year-end 2022; up 3.4% QoQ and 8.0% YoY,D2_cbre_lee.jsonl
2022,Q4,Northern/Central NJ,all,availability_rate,4.1,percent,CBRE Q4 2022 New Jersey Industrial Figures,https://www.cbre.com/insights/figures/q4-2022-new-jersey-industrial-figures,2023-01,Overall availability rate fell 30 bps from Q3 2022 to 4.1%,D2_cbre_lee.jsonl
2022,Q4,Northern/Central NJ,all,leasing_volume_sf,5.4,SF_millions,CBRE Q4 2022 New Jersey Industrial Figures,https://www.cbre.com/insights/figures/q4-2022-new-jersey-industrial-figures,2023-01,Q4 2022 total leasing; 16% above Q3 2022 but 14% below five-year quarterly average,D2_cbre_lee.jsonl
2022,Q4,Northern/Central NJ,all,trend_statement,1,count,CBRE Q4 2022 New Jersey Industrial Figures,https://www.cbre.com/insights/figures/q4-2022-new-jersey-industrial-figures,2023-01,"Q4 2022 leasing 5.4 MSF, 16% above prior quarter but 14% below five-year quarterly average; availability fell 30 bps to 4.1%",D2_cbre_lee.jsonl
2022,Q4,Northern/Central NJ,200K+,vacancy_rate,2.4,percent,CBRE 2024 North America Industrial Big-Box Review & Outlook - Northern/Central New Jersey,https://www.cbre.com/insights/local-response/2024-north-america-industrial-big-box-northern-central-new-jersey,2024,"Big-box vacancy at year-end 2022 (comparison figure in 2024 review). Big-box (CBRE big-box = 200K+ SF). Attribution to big-box report inferred from content (taking rents, completions language) in search summary that also listed the Q4 2023 Figures page; verify.",D2_cbre_lee.jsonl
2023,FY,Central NJ,all,leasing_change_yoy,20.9,percent,Cushman & Wakefield Releases Fourth Quarter Industrial and Office Statistics for New Jersey (Q4 2023 press release),https://www.cushmanwakefield.com/en/united-states/news/2024/02/cw-releases-fourth-quarter-industrial-and-office-statistics-for-new-jersey,2024-02,Year-over-year increase in Central NJ leasing activity (14.7 msf in 2023).,D1_cushman_savills.jsonl
2023,FY,Central NJ,all,leasing_share,68.2,percent,Cushman & Wakefield Releases Fourth Quarter Industrial and Office Statistics for New Jersey (Q4 2023 press release),https://www.cushmanwakefield.com/en/united-states/news/2024/02/cw-releases-fourth-quarter-industrial-and-office-statistics-for-new-jersey,2024-02,Central NJ share of total NJ industrial leasing activity in 2023.,D1_cushman_savills.jsonl
2023,FY,Central NJ,all,leasing_volume_sf,14.7,SF_millions,Cushman & Wakefield Releases Fourth Quarter Industrial and Office Statistics for New Jersey (Q4 2023 press release),https://www.cushmanwakefield.com/en/united-states/news/2024/02/cw-releases-fourth-quarter-industrial-and-office-statistics-for-new-jersey,2024-02,Central NJ leasing activity for 2023; up 20.9% vs 2022.,D1_cushman_savills.jsonl
2023,FY,Northern & Central NJ,all,renewal_volume_sf,11.9,SF_millions,Cushman & Wakefield Releases Fourth Quarter Industrial and Office Statistics for New Jersey (Q4 2023 press release),https://www.cushmanwakefield.com/en/united-states/news/2024/02/cw-releases-fourth-quarter-industrial-and-office-statistics-for-new-jersey,2024-02,"Lease renewals totaled 11.9 msf in 2023 (renewals, not new leasing).",D1_cushman_savills.jsonl
2023,FY,Northern NJ,all,vacancy_change_yoy,170,bps,Savills Northern New Jersey Q4 2023 Industrial Market Report,https://www.savills.us/research_articles/256536/358523-0,2024,Cooling demand and record construction deliveries drove vacancy up 170 bps during 2023; reduced pipeline pointed to slowing vacancy growth. Source-URL note: search excerpt gave numbers for the Savills Q4 2023 Northern NJ report without pinning the page; URL chosen from Savills research ID sequence (358523 sits between Q3 2023 and Q1 2024 IDs) - verify.,D1_cushman_savills.jsonl
2023,FY,Northern/Central NJ,200K+,deliveries_sf,11.6,SF_millions,CBRE 2024 North America Industrial Big-Box Review & Outlook - Northern/Central New Jersey,https://www.cbre.com/insights/local-response/2024-north-america-industrial-big-box-northern-central-new-jersey,2024,"2023 big-box construction completions. Big-box (CBRE big-box = 200K+ SF). Attribution to big-box report inferred from content (taking rents, completions language) in search summary that also listed the Q4 2023 Figures page; verify.",D2_cbre_lee.jsonl
2023,FY,Northern/Central NJ,200K+,leasing_volume_sf,22.5,SF_millions,CBRE 2024 North America Industrial Big-Box Review & Outlook - Northern/Central New Jersey,https://www.cbre.com/insights/local-response/2024-north-america-industrial-big-box-northern-central-new-jersey,2024,"2023 new or expansion big-box leases; pace on par with 2022 after Q2 slowdown. Big-box (CBRE big-box = 200K+ SF). Attribution to big-box report inferred from content (taking rents, completions language) in search summary that also listed the Q4 2023 Figures page; verify.",D2_cbre_lee.jsonl
2023,FY,Northern/Central NJ,200K+,taking_rent_psf,15.09,USD/SF,CBRE 2024 North America Industrial Big-Box Review & Outlook - Northern/Central New Jersey,https://www.cbre.com/insights/local-response/2024-north-america-industrial-big-box-northern-central-new-jersey,2024,"First-year taking rent year-end 2023 (per sq ft per year); slightly above 2022's $14.99. Big-box (CBRE big-box = 200K+ SF). Attribution to big-box report inferred from content (taking rents, completions language) in search summary that also listed the Q4 2023 Figures page; verify.",D2_cbre_lee.jsonl
2023,FY,Northern/Central NJ,all,trend_statement,1,count,CBRE Northern and Central New Jersey Industrial Figures Q4 2023,https://www.cbre.com/insights/figures/northern-and-central-new-jersey-industrial-figures-q4-2023,2024-01,Cooling demand and record construction deliveries drove vacancy up 170 bps during 2023; reduced pipeline and steady demand point to slowing vacancy growth,D2_cbre_lee.jsonl
2023,FY,Northern/Central NJ,all,vacancy_rate_change_yoy,170,bps,CBRE Northern and Central New Jersey Industrial Figures Q4 2023,https://www.cbre.com/insights/figures/northern-and-central-new-jersey-industrial-figures-q4-2023,2024-01,Cooling demand and record construction deliveries drove vacancy up 170 bps during 2023,D2_cbre_lee.jsonl
2023,Q3,Central/Southern NJ,all,net_absorption_sf,3500000,SF,"ROI-NJ: JLL's Q3 New Jersey industrial report: Construction, leasing pullback could keep upward pressure on rents",https://www.roi-nj.com/2023/10/06/real_estate_development/jlls-q3-new-jersey-industrial-report-construction-leasing-pullback-could-keep-upward-pressure-on-rents/,2023-10-06,JLL Q3 2023; year-to-date through Q3 2023 positive absorption in central and southern New Jersey,D3_jll_kislak.jsonl
2023,Q3,New Jersey,all,asking_rent_psf,16.6,USD/SF,NJBIZ: JLL: NJ industrial sector continued normalization in Q3,https://njbiz.com/jll-nj-industrial-sector-continued-normalization-in-q3/,2023-10,"JLL Q3 2023 average asking rent, Garden State industrial; vacancy and rents both rose as market normalizes; source date approximate (Q3 2023 coverage)",D3_jll_kislak.jsonl
2023,Q3,New Jersey,all,construction_starts_sf,1800000,SF,"Real Estate NJ: JLL: Construction set to slow in New Jersey industrial market, easing supply of new deliveries",https://re-nj.com/jll-construction-set-to-slow-in-new-jersey-industrial-market-easing-supply-of-new-deliveries/,2023-10,JLL Q3 2023; groundbreakings leveled off amid local opposition and rising interest rates; source date approximate,D3_jll_kislak.jsonl
2023,Q3,New Jersey,all,deliveries_sf,8100000,SF,"ROI-NJ: JLL's Q3 New Jersey industrial report: Construction, leasing pullback could keep upward pressure on rents",https://www.roi-nj.com/2023/10/06/real_estate_development/jlls-q3-new-jersey-industrial-report-construction-leasing-pullback-could-keep-upward-pressure-on-rents/,2023-10-06,JLL Q3 2023; second-largest quarter of deliveries on record; also reported by re-nj.com and NJBIZ,D3_jll_kislak.jsonl
2023,Q3,New Jersey,all,leasing_volume_sf,6400000,SF,"ROI-NJ: JLL's Q3 New Jersey industrial report: Construction, leasing pullback could keep upward pressure on rents",https://www.roi-nj.com/2023/10/06/real_estate_development/jlls-q3-new-jersey-industrial-report-construction-leasing-pullback-could-keep-upward-pressure-on-rents/,2023-10-06,JLL Q3 2023; 21.3% below trailing four-quarter average; slight summer decline,D3_jll_kislak.jsonl
2023,Q3,New Jersey,all,trend_statement,1,count,"Real Estate NJ: JLL: Construction set to slow in New Jersey industrial market, easing supply of new deliveries",https://re-nj.com/jll-construction-set-to-slow-in-new-jersey-industrial-market-easing-supply-of-new-deliveries/,2023-10,JLL (Vince Melchiorre): rents to plateau in coming quarters as 8.1M SF of deliveries lease up; longer-term rents expected to rise as construction normalizes,D3_jll_kislak.jsonl
2023,Q3,New Jersey,all,trend_statement,1,count,NJBIZ: JLL: NJ industrial sector continued normalization in Q3,https://njbiz.com/jll-nj-industrial-sector-continued-normalization-in-q3/,2023-10,"JLL Q3 2023: market remains landlord-favorable but normalizing from pandemic-era tightness; vacancy 4%, rent $16.60/SF, deliveries 8.1M SF",D3_jll_kislak.jsonl
2023,Q3,New Jersey,all,vacancy_change_qoq,120,bps,"ROI-NJ: JLL's Q3 New Jersey industrial report: Construction, leasing pullback could keep upward pressure on rents",https://www.roi-nj.com/2023/10/06/real_estate_development/jlls-q3-new-jersey-industrial-report-construction-leasing-pullback-could-keep-upward-pressure-on-rents/,2023-10-06,JLL Q3 2023; 65 bps of the 120 bps increase attributed to vacant new deliveries,D3_jll_kislak.jsonl
2023,Q3,New Jersey,all,vacancy_rate,4.0,percent,"ROI-NJ: JLL's Q3 New Jersey industrial report: Construction, leasing pullback could keep upward pressure on rents",https://www.roi-nj.com/2023/10/06/real_estate_development/jlls-q3-new-jersey-industrial-report-construction-leasing-pullback-could-keep-upward-pressure-on-rents/,2023-10-06,"JLL Q3 2023 NJ industrial report; overall vacancy rose 120 bps QoQ to 4%, 65 bps of which came from vacant deliveries",D3_jll_kislak.jsonl
2023,Q3,Northern NJ,all,net_absorption_sf,-3200000,SF,"ROI-NJ: JLL's Q3 New Jersey industrial report: Construction, leasing pullback could keep upward pressure on rents",https://www.roi-nj.com/2023/10/06/real_estate_development/jlls-q3-new-jersey-industrial-report-construction-leasing-pullback-could-keep-upward-pressure-on-rents/,2023-10-06,JLL Q3 2023; year-to-date through Q3 2023; driven by Bed Bath & Beyond and Yellow Trucking bankruptcies and tenants consolidating or moving south/west,D3_jll_kislak.jsonl
2023,Q4,Northern & Central NJ,all,leasing_volume_sf,6.4,SF_millions,Cushman & Wakefield Releases Fourth Quarter Industrial and Office Statistics for New Jersey (Q4 2023 press release),https://www.cushmanwakefield.com/en/united-states/news/2024/02/cw-releases-fourth-quarter-industrial-and-office-statistics-for-new-jersey,2024-02,Q4 2023 new leasing activity; highest quarterly new leasing in two years.,D1_cushman_savills.jsonl
2023,Q4,Northern & Central NJ,all,trend_statement,1,count,Cushman & Wakefield Releases Fourth Quarter Industrial and Office Statistics for New Jersey (Q4 2023 press release),https://www.cushmanwakefield.com/en/united-states/news/2024/02/cw-releases-fourth-quarter-industrial-and-office-statistics-for-new-jersey,2024-02,Class A warehouse space sustained positive net absorption for the 34th consecutive quarter; Class A demand sustained. (Also covered at connectcre.com 'Sustained Demand for NJ Class A Industrial Properties'.),D1_cushman_savills.jsonl
2023,Q4,Northern NJ,all,asking_rent_psf,17.47,USD/SF,Savills Northern New Jersey Q4 2023 Industrial Market Report,https://www.savills.us/research_articles/256536/358523-0,2024,"Average asking rental rate Q4 2023 (USD per SF per year, as reported). Source-URL note: search excerpt gave numbers for the Savills Q4 2023 Northern NJ report without pinning the page; URL chosen from Savills research ID sequence (358523 sits between Q3 2023 and Q1 2024 IDs) - verify.",D1_cushman_savills.jsonl
2023,Q4,Northern NJ,all,vacancy_change_yoy,300,bps,Cushman & Wakefield Releases Fourth Quarter Industrial and Office Statistics for New Jersey (Q4 2023 press release),https://www.cushmanwakefield.com/en/united-states/news/2024/02/cw-releases-fourth-quarter-industrial-and-office-statistics-for-new-jersey,2024-02,Northern NJ vacancy increase of 300 basis points to 5.8% (period of comparison as stated by C&W: 'an increase of 300 basis points').,D1_cushman_savills.jsonl
2023,Q4,Northern NJ,all,vacancy_rate,5.8,percent,Cushman & Wakefield Releases Fourth Quarter Industrial and Office Statistics for New Jersey (Q4 2023 press release),https://www.cushmanwakefield.com/en/united-states/news/2024/02/cw-releases-fourth-quarter-industrial-and-office-statistics-for-new-jersey,2024-02,Northern New Jersey overall industrial vacancy at Q4 2023; negative net absorption headwinds in Northern NJ.,D1_cushman_savills.jsonl
2023,Q4,Northern NJ,all,vacancy_rate,5.4,percent,Savills Northern New Jersey Q4 2023 Industrial Market Report,https://www.savills.us/research_articles/256536/358523-0,2024,Q4 2023 Northern NJ industrial vacancy. Source-URL note: search excerpt gave numbers for the Savills Q4 2023 Northern NJ report without pinning the page; URL chosen from Savills research ID sequence (358523 sits between Q3 2023 and Q1 2024 IDs) - verify.,D1_cushman_savills.jsonl
2023,Q4,Northern/Central NJ,200K+,vacancy_rate,5.1,percent,CBRE 2024 North America Industrial Big-Box Review & Outlook - Northern/Central New Jersey,https://www.cbre.com/insights/local-response/2024-north-america-industrial-big-box-northern-central-new-jersey,2024,"Big-box vacancy rose to 5.1% in 2023, more than double 2022's 2.4%, on less leasing, more move-outs and 11.6 MSF of completions. Big-box (CBRE big-box = 200K+ SF). Attribution to big-box report inferred from content (taking rents, completions language) in search summary that also listed the Q4 2023 Figures page; verify.",D2_cbre_lee.jsonl
2024,FY,Northern & Central NJ,all,deliveries_sf,13.1,SF_millions,ROI-NJ: C&W Q4 2024: Industrial market remains resilient while office showing signs of stabilizing (Cushman & Wakefield Northern & Central NJ Q4 2024 statistics),https://www.roi-nj.com/2025/01/09/real_estate_development/cw-q4-2024-industrial-market-remains-resilient-while-office-showing-signs-of-stabilizing/,2025-01-09,"New warehouse supply delivered in 2024, described as mostly vacant; C&W Q4 2024 NJ industrial statistics.",D1_cushman_savills.jsonl
2024,FY,Northern & Central NJ,250K+,lease_count,24,count,ROI-NJ: C&W Q4 2024: Industrial market remains resilient while office showing signs of stabilizing (Cushman & Wakefield Northern & Central NJ Q4 2024 statistics),https://www.roi-nj.com/2025/01/09/real_estate_development/cw-q4-2024-industrial-market-remains-resilient-while-office-showing-signs-of-stabilizing/,2025-01-09,"New leases exceeding 250,000 SF signed in 2024; double the number recorded in 2023 (big-box driver).",D1_cushman_savills.jsonl
2024,FY,Northern & Central NJ,all,leasing_volume_sf,27.1,SF_millions,ROI-NJ: C&W Q4 2024: Industrial market remains resilient while office showing signs of stabilizing (Cushman & Wakefield Northern & Central NJ Q4 2024 statistics),https://www.roi-nj.com/2025/01/09/real_estate_development/cw-q4-2024-industrial-market-remains-resilient-while-office-showing-signs-of-stabilizing/,2025-01-09,New leasing activity for calendar 2024; strongest annual total since record 2021.,D1_cushman_savills.jsonl
2024,FY,Northern & Central NJ,all,trend_statement,1,count,ROI-NJ: C&W Q4 2024: Industrial market remains resilient while office showing signs of stabilizing (Cushman & Wakefield Northern & Central NJ Q4 2024 statistics),https://www.roi-nj.com/2025/01/09/real_estate_development/cw-q4-2024-industrial-market-remains-resilient-while-office-showing-signs-of-stabilizing/,2025-01-09,"13.1 msf of mostly vacant new supply pushed vacancy to 9.0%, yet 27.1 msf new leasing was strongest since 2021.",D1_cushman_savills.jsonl
2024,FY,Northern NJ,all,deliveries_sf,12.4,SF_millions,Savills Northern New Jersey Q1 2025 Industrial Market Report,https://www.savills.us/research_articles/256536/374905-0/northern-new-jersey-q1-2025-industrial-market-report,2025,"New construction delivered in Northern NJ during 2024, per Savills Q1 2025 report.",D1_cushman_savills.jsonl
2024,FY,Northern NJ,all,net_absorption_sf,2.6,SF_millions,Savills Northern New Jersey Q4 2024 Industrial Market Report,https://www.savills.us/research_articles/256536/372223-0,2025-01-09,"Positive but modest 2024 net absorption, supported by expanding logistics firms (Savills Q4 2024 figure; later revised to 3.4 msf in Q1 2025 report).",D1_cushman_savills.jsonl
2024,FY,Northern NJ,all,net_absorption_sf,3.4,SF_millions,Savills Northern New Jersey Q1 2025 Industrial Market Report,https://www.savills.us/research_articles/256536/374905-0/northern-new-jersey-q1-2025-industrial-market-report,2025,12-month net absorption for calendar 2024 as reported in Savills Q1 2025 report (revised vs 2.6 msf in Q4 2024 report).,D1_cushman_savills.jsonl
2024,FY,Northern/Central NJ,all,deliveries_sf,13.1,SF_millions,ROI-NJ - C&W Q4 2024: Industrial market remains resilient while office showing signs of stabilizing,https://roi-nj.com/2025/01/09/real_estate/cw-q4-2024-industrial-market-remains-resilient-while-office-showing-signs-of-stabilizing,2025-01-09,"Surge in new warehouse supply added 13.1 MSF of mostly vacant space in 2024. OFF-FIRM (Cushman & Wakefield), surfaced while searching CBRE Q4 2024; included for completeness - dedupe against C&W workstream.",D2_cbre_lee.jsonl
2024,FY,Northern/Central NJ,all,leasing_volume_sf,27.1,SF_millions,ROI-NJ - C&W Q4 2024: Industrial market remains resilient while office showing signs of stabilizing,https://roi-nj.com/2025/01/09/real_estate/cw-q4-2024-industrial-market-remains-resilient-while-office-showing-signs-of-stabilizing,2025-01-09,"New leasing activity totaled 27.1 MSF for 2024. OFF-FIRM (Cushman & Wakefield), surfaced while searching CBRE Q4 2024; included for completeness - dedupe against C&W workstream.",D2_cbre_lee.jsonl
2024,Q1,New Jersey,all,asking_rent_psf,13.65,USD/SF,"Lee & Associates 2024 Q1 New Jersey, NJ - Industrial Market Overview",https://www.lee-associates.com/research-article/2024-q1-new-jersey-nj-industrial/,2024-04,Average NNN asking rate PSF,D2_cbre_lee.jsonl
2024,Q1,New Jersey,all,avg_price_psf,241.92,USD/SF,"Lee & Associates 2024 Q1 New Jersey, NJ - Industrial Market Overview",https://www.lee-associates.com/research-article/2024-q1-new-jersey-nj-industrial/,2024-04,"Sale price PSF, market indicator table",D2_cbre_lee.jsonl
2024,Q1,New Jersey,all,cap_rate,6.8,percent,"Lee & Associates 2024 Q1 New Jersey, NJ - Industrial Market Overview",https://www.lee-associates.com/research-article/2024-q1-new-jersey-nj-industrial/,2024-04,Market indicator table,D2_cbre_lee.jsonl
2024,Q1,New Jersey,100K+,lease_count_over_100k,29,count,"Lee & Associates 2024 Q1 New Jersey, NJ - Industrial Market Overview",https://www.lee-associates.com/research-article/2024-q1-new-jersey-nj-industrial/,2024-04,29 leases over 100K SF signed in the quarter,D2_cbre_lee.jsonl
2024,Q1,New Jersey,all,net_absorption_sf,1582,SF,"Lee & Associates 2024 Q1 New Jersey, NJ - Industrial Market Overview",https://www.lee-associates.com/research-article/2024-q1-new-jersey-nj-industrial/,2024-04,Quarterly net absorption,D2_cbre_lee.jsonl
2024,Q1,New Jersey,all,sales_volume_industrial,660,USD_millions,"Lee & Associates 2024 Q1 New Jersey, NJ - Industrial Market Overview",https://www.lee-associates.com/research-article/2024-q1-new-jersey-nj-industrial/,2024-04,"Sales volume finished Q1 2024 at $660MM, 49% of the 5-year average",D2_cbre_lee.jsonl
2024,Q1,New Jersey,all,vacancy_rate,5.8,percent,"Lee & Associates 2024 Q1 New Jersey, NJ - Industrial Market Overview",https://www.lee-associates.com/research-article/2024-q1-new-jersey-nj-industrial/,2024-04,Market indicator table,D2_cbre_lee.jsonl
2024,Q2,New Jersey,all,avg_price_psf,167.74,USD/SF,"Lee & Associates Q1 2025 New Jersey, NJ Industrial Market Overview (North America Market Report edition)",https://www.lee-associates.com/wbe/wp-content/uploads/sites/100/2025/04/2025.Q1-North-America-Market-Report_Industrial.pdf,2025-04,Sale price PSF. Trailing-quarter column in Q1 2025 report's market indicator table (attribution inferred from result listing).,D2_cbre_lee.jsonl
2024,Q2,New Jersey,all,cap_rate,5.9,percent,"Lee & Associates Q1 2025 New Jersey, NJ Industrial Market Overview (North America Market Report edition)",https://www.lee-associates.com/wbe/wp-content/uploads/sites/100/2025/04/2025.Q1-North-America-Market-Report_Industrial.pdf,2025-04,Trailing-quarter column in Q1 2025 report's market indicator table (attribution inferred from result listing).,D2_cbre_lee.jsonl
2024,Q2,New Jersey,all,vacancy_rate,6.3,percent,"Lee & Associates Q1 2025 New Jersey, NJ Industrial Market Overview (North America Market Report edition)",https://www.lee-associates.com/wbe/wp-content/uploads/sites/100/2025/04/2025.Q1-North-America-Market-Report_Industrial.pdf,2025-04,Trailing-quarter column in Q1 2025 report's market indicator table (attribution inferred from result listing).,D2_cbre_lee.jsonl
2024,Q3,New Jersey,all,avg_price_psf,192.52,USD/SF,"Lee & Associates Q1 2025 New Jersey, NJ Industrial Market Overview (North America Market Report edition)",https://www.lee-associates.com/wbe/wp-content/uploads/sites/100/2025/04/2025.Q1-North-America-Market-Report_Industrial.pdf,2025-04,Sale price PSF. Trailing-quarter column in Q1 2025 report's market indicator table (attribution inferred from result listing).,D2_cbre_lee.jsonl
2024,Q3,New Jersey,all,cap_rate,10.1,percent,"Lee & Associates Q1 2025 New Jersey, NJ Industrial Market Overview (North America Market Report edition)",https://www.lee-associates.com/wbe/wp-content/uploads/sites/100/2025/04/2025.Q1-North-America-Market-Report_Industrial.pdf,2025-04,"As reported in indicator table; outlier vs adjacent quarters (5.9% Q2 2024, 7.0% Q4 2024). Trailing-quarter column in Q1 2025 report's market indicator table (attribution inferred from result listing).",D2_cbre_lee.jsonl
2024,Q3,New Jersey,all,vacancy_rate,6.7,percent,"Lee & Associates Q1 2025 New Jersey, NJ Industrial Market Overview (North America Market Report edition)",https://www.lee-associates.com/wbe/wp-content/uploads/sites/100/2025/04/2025.Q1-North-America-Market-Report_Industrial.pdf,2025-04,Trailing-quarter column in Q1 2025 report's market indicator table (attribution inferred from result listing).,D2_cbre_lee.jsonl
2024,Q4,New Jersey,all,asking_rent_psf,13.48,USD/SF,"Lee & Associates Q1 2025 New Jersey, NJ Industrial Market Overview (North America Market Report edition)",https://www.lee-associates.com/wbe/wp-content/uploads/sites/100/2025/04/2025.Q1-North-America-Market-Report_Industrial.pdf,2025-04,Average NNN asking rate PSF; Lee Q4 2025 report shows $13.52 for same quarter (revision). Trailing-quarter column in Q1 2025 report's market indicator table (attribution inferred from result listing).,D2_cbre_lee.jsonl
2024,Q4,New Jersey,all,asking_rent_psf,13.52,USD/SF,"Lee & Associates Q4 2025 New Jersey, NJ Industrial Market Overview",https://www.lee-associates.com/wp-content/uploads/2026/01/2025-Q4-New-Jersey-NJ-Industrial.pdf,2026-01,Average NNN asking rate PSF (Q1 2025 report showed $13.48). Q4 2024 trailing column in Q4 2025 report indicator table (attribution inferred from result listing; a non-domain-limited search returned this set).,D2_cbre_lee.jsonl
2024,Q4,New Jersey,all,avg_price_psf,193.59,USD/SF,"Lee & Associates Q4 2025 New Jersey, NJ Industrial Market Overview",https://www.lee-associates.com/wp-content/uploads/2026/01/2025-Q4-New-Jersey-NJ-Industrial.pdf,2026-01,Sale price PSF. Q4 2024 trailing column in Q4 2025 report indicator table (attribution inferred from result listing; a non-domain-limited search returned this set).,D2_cbre_lee.jsonl
2024,Q4,New Jersey,all,cap_rate,7.0,percent,"Lee & Associates Q1 2025 New Jersey, NJ Industrial Market Overview (North America Market Report edition)",https://www.lee-associates.com/wbe/wp-content/uploads/sites/100/2025/04/2025.Q1-North-America-Market-Report_Industrial.pdf,2025-04,Trailing-quarter column in Q1 2025 report's market indicator table (attribution inferred from result listing).,D2_cbre_lee.jsonl
2024,Q4,New Jersey,all,net_absorption_sf,3119880,SF,"Lee & Associates Q4 2025 New Jersey, NJ Industrial Market Overview",https://www.lee-associates.com/wp-content/uploads/2026/01/2025-Q4-New-Jersey-NJ-Industrial.pdf,2026-01,Quarterly net absorption. Q4 2024 trailing column in Q4 2025 report indicator table (attribution inferred from result listing; a non-domain-limited search returned this set).,D2_cbre_lee.jsonl
2024,Q4,New Jersey,all,vacancy_rate,6.8,percent,"Lee & Associates Q1 2025 New Jersey, NJ Industrial Market Overview (North America Market Report edition)",https://www.lee-associates.com/wbe/wp-content/uploads/sites/100/2025/04/2025.Q1-North-America-Market-Report_Industrial.pdf,2025-04,Also confirmed as 6.8% Q4 2024 comparison in Lee Q4 2025 report. Trailing-quarter column in Q1 2025 report's market indicator table (attribution inferred from result listing).,D2_cbre_lee.jsonl
2024,Q4,Northern & Central NJ,all,vacancy_rate,9.0,percent,ROI-NJ: C&W Q4 2024: Industrial market remains resilient while office showing signs of stabilizing (Cushman & Wakefield Northern & Central NJ Q4 2024 statistics),https://www.roi-nj.com/2025/01/09/real_estate_development/cw-q4-2024-industrial-market-remains-resilient-while-office-showing-signs-of-stabilizing/,2025-01-09,Year-end 2024 overall industrial vacancy; highest since Q1 2013 per C&W.,D1_cushman_savills.jsonl
2024,Q4,Northern NJ,all,asking_rent_change_5yr,108.8,percent,Savills Northern New Jersey Q4 2024 Industrial Market Report,https://www.savills.us/research_articles/256536/372223-0,2025-01-09,Asking rents remain 108.8% higher than five years earlier despite recent declines.,D1_cushman_savills.jsonl
2024,Q4,Northern NJ,all,asking_rent_change_qoq,-1.4,percent,Savills Northern New Jersey Q4 2024 Industrial Market Report,https://www.savills.us/research_articles/256536/372223-0,2025-01-09,"Average asking rent declined 1.4% QoQ, third straight quarterly decrease; market repricing.",D1_cushman_savills.jsonl
2024,Q4,Northern NJ,all,trend_statement,1,count,Savills Northern New Jersey Q4 2024 Industrial Market Report,https://www.savills.us/research_articles/256536/372223-0,2025-01-09,"Deliveries outpaced net absorption for 2.5 years, producing double-digit vacancy in Hudson Waterfront, Exit 12, Exit 9 and Exit 7A/Trenton.",D1_cushman_savills.jsonl
2024,Q4,Northern NJ,all,vacancy_change_qoq,30,bps,Savills Northern New Jersey Q4 2024 Industrial Market Report,https://www.savills.us/research_articles/256536/372223-0,2025-01-09,Quarter-over-quarter vacancy increase to 7.1%.,D1_cushman_savills.jsonl
2024,Q4,Northern NJ,all,vacancy_rate,7.1,percent,Savills Northern New Jersey Q4 2024 Industrial Market Report,https://www.savills.us/research_articles/256536/372223-0,2025-01-09,"Vacancy rose 30 bps QoQ to 7.1%, eighth consecutive quarterly increase. Savills Northern NJ report covers Turnpike submarkets incl. Exit 8A/7A.",D1_cushman_savills.jsonl
2024,Q4,Northern/Central NJ,all,vacancy_rate,9.0,percent,ROI-NJ - C&W Q4 2024: Industrial market remains resilient while office showing signs of stabilizing,https://roi-nj.com/2025/01/09/real_estate/cw-q4-2024-industrial-market-remains-resilient-while-office-showing-signs-of-stabilizing,2025-01-09,"Year-end 2024 vacancy 9.0%, highest since Q1 2013. OFF-FIRM (Cushman & Wakefield), surfaced while searching CBRE Q4 2024; included for completeness - dedupe against C&W workstream.",D2_cbre_lee.jsonl
2025,H1,New Jersey,all,leasing_volume_sf,18700000,SF,"ROI-NJ: N.J. industrial sector picked up in Q2 and first half, says JLL",https://www.roi-nj.com/2025/08/26/real_estate/n-j-industrial-sector-picked-up-in-q2-and-first-half-says-jll/,2025-08-26,"JLL H1 2025 leasing volume, highest first-half level since 2021",D3_jll_kislak.jsonl
2025,Q1,New Jersey,all,asking_rent_psf,13.45,USD/SF,"Lee & Associates Q1 2025 New Jersey, NJ Industrial Market Overview",https://www.lee-associates.com/wp-content/uploads/2025/04/2025.Q1-New-Jersey-NJ-Industrial.pdf,2025-04,Average NNN asking rate PSF,D2_cbre_lee.jsonl
2025,Q1,New Jersey,all,avg_months_on_market,6,months,"Lee & Associates Q1 2025 New Jersey, NJ Industrial Market Overview",https://www.lee-associates.com/wp-content/uploads/2025/04/2025.Q1-New-Jersey-NJ-Industrial.pdf,2025-04,Space leased in 6 months on average,D2_cbre_lee.jsonl
2025,Q1,New Jersey,all,avg_price_psf,198.82,USD/SF,"Lee & Associates Q1 2025 New Jersey, NJ Industrial Market Overview",https://www.lee-associates.com/wp-content/uploads/2025/04/2025.Q1-New-Jersey-NJ-Industrial.pdf,2025-04,"Sale price PSF, market indicator table",D2_cbre_lee.jsonl
2025,Q1,New Jersey,all,cap_rate,6.8,percent,"Lee & Associates Q1 2025 New Jersey, NJ Industrial Market Overview",https://www.lee-associates.com/wp-content/uploads/2025/04/2025.Q1-New-Jersey-NJ-Industrial.pdf,2025-04,Market indicator table,D2_cbre_lee.jsonl
2025,Q1,New Jersey,100K+,lease_count_over_100k,29,count,"Lee & Associates Q1 2025 New Jersey, NJ Industrial Market Overview",https://www.lee-associates.com/wp-content/uploads/2025/04/2025.Q1-New-Jersey-NJ-Industrial.pdf,2025-04,29 leases over 100K SF signed,D2_cbre_lee.jsonl
2025,Q1,New Jersey,all,leasing_volume_sf,7.2,SF_millions,"Lee & Associates Q1 2025 New Jersey, NJ Industrial Market Overview",https://www.lee-associates.com/wp-content/uploads/2025/04/2025.Q1-New-Jersey-NJ-Industrial.pdf,2025-04,"7.2MM SF leased, lowest quarter in 29 years; space leased in 6 months on average",D2_cbre_lee.jsonl
2025,Q1,New Jersey,all,net_absorption_sf,246504,SF,"Lee & Associates Q1 2025 New Jersey, NJ Industrial Market Overview",https://www.lee-associates.com/wp-content/uploads/2025/04/2025.Q1-New-Jersey-NJ-Industrial.pdf,2025-04,Quarterly net absorption,D2_cbre_lee.jsonl
2025,Q1,New Jersey,all,sublet_available_sf,13.7,SF_millions,"Lee & Associates Q1 2025 New Jersey, NJ Industrial Market Overview",https://www.lee-associates.com/wp-content/uploads/2025/04/2025.Q1-New-Jersey-NJ-Industrial.pdf,2025-04,"Available sublet space hit consecutive new record of 13.7MM SF, mainly in Exit 8A submarket",D2_cbre_lee.jsonl
2025,Q1,New Jersey,all,trend_statement,1,count,"Lee & Associates Q1 2025 New Jersey, NJ Industrial Market Overview",https://www.lee-associates.com/wp-content/uploads/2025/04/2025.Q1-New-Jersey-NJ-Industrial.pdf,2025-04,Rental growth negative for fourth consecutive quarter; effective taking rents show largest discount off asking in at least a cycle as owners offer more free rent,D2_cbre_lee.jsonl
2025,Q1,New Jersey,all,vacancy_rate,7.2,percent,"Lee & Associates Q1 2025 New Jersey, NJ Industrial Market Overview",https://www.lee-associates.com/wp-content/uploads/2025/04/2025.Q1-New-Jersey-NJ-Industrial.pdf,2025-04,Market indicator table,D2_cbre_lee.jsonl
2025,Q1,Northern NJ,all,asking_rent_change_yoy,-4.0,percent,Savills Northern New Jersey Q1 2025 Industrial Market Report,https://www.savills.us/research_articles/256536/374905-0/northern-new-jersey-q1-2025-industrial-market-report,2025,Average asking rental rates declined 4.0% year over year as of Q1 2025.,D1_cushman_savills.jsonl
2025,Q1,Northern/Central NJ,all,construction_starts_sf,3.4,SF_millions,CBRE Northeast Industrial & Logistics Construction Watch Report Q2 2025,https://www.cbre.com/insights/reports/northeast-industrial-logistics-construction-watch-report-q2-2025,2025,Prior-period construction starts cited in Q2 2025 report (prior period assumed Q1 2025),D2_cbre_lee.jsonl
2025,Q1,Port / Newark-Elizabeth,all,trend_statement,1,count,"Lee & Associates Q1 2025 New Jersey, NJ Industrial Market Overview",https://www.lee-associates.com/wp-content/uploads/2025/04/2025.Q1-New-Jersey-NJ-Industrial.pdf,2025-04,NJ industrial reacted to new tariffs; many global 3PLs signed sizable footprints in the Ports just before Q2 2025,D2_cbre_lee.jsonl
2025,Q1,Route 1 / Exit 8A,all,trend_statement,1,count,"Lee & Associates Q1 2025 New Jersey, NJ Industrial Market Overview",https://www.lee-associates.com/wp-content/uploads/2025/04/2025.Q1-New-Jersey-NJ-Industrial.pdf,2025-04,Record 13.7MM SF of available sublet space statewide is concentrated mainly in the Exit 8A submarket,D2_cbre_lee.jsonl
2025,Q2,New Jersey,all,asking_rent_decline_from_peak,4.3,percent,"ROI-NJ: N.J. industrial sector picked up in Q2 and first half, says JLL",https://www.roi-nj.com/2025/08/26/real_estate/n-j-industrial-sector-picked-up-in-q2-and-first-half-says-jll/,2025-08-26,JLL Q2 2025; overall asking rents 4.3% below peak; landlords offering more free rent and TI concessions,D3_jll_kislak.jsonl
2025,Q2,New Jersey,all,avg_months_on_market,5,months,"Lee & Associates Q2 2025 New Jersey, NJ Industrial Market Overview",https://www.lee-associates.com/wp-content/uploads/2025/07/2025-Q2-New-Jersey-NJ-Industrial.pdf,2025-07,Space leased in 5 months on average,D2_cbre_lee.jsonl
2025,Q2,New Jersey,all,cap_rate,7.9,percent,"Lee & Associates Q2 2025 New Jersey, NJ Industrial Market Overview",https://www.lee-associates.com/wp-content/uploads/2025/07/2025-Q2-New-Jersey-NJ-Industrial.pdf,2025-07,Median cap rate decompressed 150 bps QoQ to 7.9% as Fed held 4.25%-4.50% in June,D2_cbre_lee.jsonl
2025,Q2,New Jersey,all,free_rent_months,4,months,"Lee & Associates Q2 2025 New Jersey, NJ Industrial Market Overview",https://www.lee-associates.com/wp-content/uploads/2025/07/2025-Q2-New-Jersey-NJ-Industrial.pdf,2025-07,Free rent now averaging 4 months and growing,D2_cbre_lee.jsonl
2025,Q2,New Jersey,400K+,lease_count,5,count,"ROI-NJ: N.J. industrial sector picked up in Q2 and first half, says JLL",https://www.roi-nj.com/2025/08/26/real_estate/n-j-industrial-sector-picked-up-in-q2-and-first-half-says-jll/,2025-08-26,"JLL Q2 2025; five new Class A leases in the 400,000+ SF segment",D3_jll_kislak.jsonl
2025,Q2,New Jersey,100K+,lease_count_over_100k,32,count,"Lee & Associates Q2 2025 New Jersey, NJ Industrial Market Overview",https://www.lee-associates.com/wp-content/uploads/2025/07/2025-Q2-New-Jersey-NJ-Industrial.pdf,2025-07,32 leases over 100K SF signed,D2_cbre_lee.jsonl
2025,Q2,New Jersey,all,leasing_volume_sf,10.4,SF_millions,"Lee & Associates Q2 2025 New Jersey, NJ Industrial Market Overview",https://www.lee-associates.com/wp-content/uploads/2025/07/2025-Q2-New-Jersey-NJ-Industrial.pdf,2025-07,"Leasing picked up to 10.4MM SF, 83% of 5-year average; space leased in 5 months on average",D2_cbre_lee.jsonl
2025,Q2,New Jersey,all,leasing_volume_sf,10600000,SF,"ROI-NJ: N.J. industrial sector picked up in Q2 and first half, says JLL",https://www.roi-nj.com/2025/08/26/real_estate/n-j-industrial-sector-picked-up-in-q2-and-first-half-says-jll/,2025-08-26,JLL Q2 2025; resurgence in large-scale transactions; Port South/Exit 12 and Burlington County hotbeds,D3_jll_kislak.jsonl
2025,Q2,New Jersey,400K+,leasing_volume_sf,3100000,SF,"ROI-NJ: N.J. industrial sector picked up in Q2 and first half, says JLL",https://www.roi-nj.com/2025/08/26/real_estate/n-j-industrial-sector-picked-up-in-q2-and-first-half-says-jll/,2025-08-26,"JLL Q2 2025; five new Class A deals over 400,000 SF totaling 3.1M SF, highest level since Q2 2021",D3_jll_kislak.jsonl
2025,Q2,New Jersey,all,median_price_psf,188,USD/SF,"Lee & Associates Q2 2025 New Jersey, NJ Industrial Market Overview",https://www.lee-associates.com/wp-content/uploads/2025/07/2025-Q2-New-Jersey-NJ-Industrial.pdf,2025-07,Median pricing gained 5.6% QoQ to $188 PSF,D2_cbre_lee.jsonl
2025,Q2,New Jersey,all,net_absorption_sf,-95000,SF,"Lee & Associates Q2 2025 New Jersey, NJ Industrial Market Overview",https://www.lee-associates.com/wp-content/uploads/2025/07/2025-Q2-New-Jersey-NJ-Industrial.pdf,2025-07,Net absorption (95K) SF as occupiers react to tariffs,D2_cbre_lee.jsonl
2025,Q2,New Jersey,all,sales_volume_industrial,1100,USD_millions,"Lee & Associates Q2 2025 New Jersey, NJ Industrial Market Overview",https://www.lee-associates.com/wp-content/uploads/2025/07/2025-Q2-New-Jersey-NJ-Industrial.pdf,2025-07,"Report text reads 'Sales volume finished Q1 at $1.1B, 84% of the 5-year average' inside the Q2 2025 report; likely refers to Q2 2025 - verify",D2_cbre_lee.jsonl
2025,Q2,New Jersey,all,sublease_leasing_sf,935000,SF,"Lee & Associates Q2 2025 New Jersey, NJ Industrial Market Overview",https://www.lee-associates.com/wp-content/uploads/2025/07/2025-Q2-New-Jersey-NJ-Industrial.pdf,2025-07,"15 sublease deals totaling 935K SF, 9% of all inked space, nearly triple QoQ",D2_cbre_lee.jsonl
2025,Q2,New Jersey,all,sublease_share_of_leasing,9,percent,"Lee & Associates Q2 2025 New Jersey, NJ Industrial Market Overview",https://www.lee-associates.com/wp-content/uploads/2025/07/2025-Q2-New-Jersey-NJ-Industrial.pdf,2025-07,Subleases as share of all leased SF,D2_cbre_lee.jsonl
2025,Q2,New Jersey,all,sublet_available_sf,13.9,SF_millions,"Lee & Associates Q2 2025 New Jersey, NJ Industrial Market Overview",https://www.lee-associates.com/wp-content/uploads/2025/07/2025-Q2-New-Jersey-NJ-Industrial.pdf,2025-07,Available sublet space hit another consecutive record of 13.9MM SF,D2_cbre_lee.jsonl
2025,Q2,New Jersey,all,trend_statement,1,count,"Lee & Associates Q2 2025 New Jersey, NJ Industrial Market Overview",https://www.lee-associates.com/wp-content/uploads/2025/07/2025-Q2-New-Jersey-NJ-Industrial.pdf,2025-07,Market regulating to more balanced tenant-landlord equilibrium; rental growth nearly flat; free rent averaging 4 months and growing despite record Class A asking rates,D2_cbre_lee.jsonl
2025,Q2,New Jersey,all,trend_statement,1,count,"ROI-NJ: N.J. industrial sector picked up in Q2 and first half, says JLL",https://www.roi-nj.com/2025/08/26/real_estate/n-j-industrial-sector-picked-up-in-q2-and-first-half-says-jll/,2025-08-26,JLL: robust leasing and limited construction could produce first vacancy decline in three years in H2 2025,D3_jll_kislak.jsonl
2025,Q2,New Jersey,all,vacancy_change_qoq,20,bps,"ROI-NJ: N.J. industrial sector picked up in Q2 and first half, says JLL",https://www.roi-nj.com/2025/08/26/real_estate/n-j-industrial-sector-picked-up-in-q2-and-first-half-says-jll/,2025-08-26,"JLL Q2 2025; vacancy plateauing, up only 20 bps vs trailing 10-quarter average increase of 55 bps",D3_jll_kislak.jsonl
2025,Q2,New Jersey,all,vacancy_rate,7.5,percent,"Lee & Associates Q2 2025 New Jersey, NJ Industrial Market Overview",https://www.lee-associates.com/wp-content/uploads/2025/07/2025-Q2-New-Jersey-NJ-Industrial.pdf,2025-07,Market indicator table,D2_cbre_lee.jsonl
2025,Q2,Northern NJ,all,vacancy_change_yoy,80,bps,Savills Northern New Jersey Q2 2025 Industrial Market Report,https://www.savills.us/research_articles/256536/378871-0/northern-new-jersey-q2-2025-industrial-market-report,2025,Year-over-year vacancy increase to 7.3%.,D1_cushman_savills.jsonl
2025,Q2,Northern NJ,all,vacancy_rate,7.3,percent,Savills Northern New Jersey Q2 2025 Industrial Market Report,https://www.savills.us/research_articles/256536/378871-0/northern-new-jersey-q2-2025-industrial-market-report,2025,"Industrial vacancy ended Q2 2025 at 7.3%, an 80 bps climb year over year. Author: Chris Bauers, Savills Research.",D1_cushman_savills.jsonl
2025,Q2,Northern/Central NJ,all,asking_rent_psf,19.4,USD/SF,"NJBIZ - CBRE: North, Central Jersey industrial rents continue to climb in Q2 (coverage of CBRE Northern and Central New Jersey Industrial Figures Q2 2025)",https://njbiz.com/cbre-north-central-jersey-industrial-rents-continue-to-climb-in-q2/,2025-07,Class A asking rent. Year/quarter assigned from search context (query was Q2 2025; CBRE Q2 2025 Figures page https://www.cbre.com/insights/figures/northern-and-central-new-jersey-industrial-figures-q2-2025 appeared in same results); NJBIZ article undated in results - verify.,D2_cbre_lee.jsonl
2025,Q2,Northern/Central NJ,all,asking_rent_psf,16.62,USD/SF,"NJBIZ - CBRE: North, Central Jersey industrial rents continue to climb in Q2 (coverage of CBRE Northern and Central New Jersey Industrial Figures Q2 2025)",https://njbiz.com/cbre-north-central-jersey-industrial-rents-continue-to-climb-in-q2/,2025-07,"Class B and C asking rent, up 3% QoQ. Year/quarter assigned from search context (query was Q2 2025; CBRE Q2 2025 Figures page https://www.cbre.com/insights/figures/northern-and-central-new-jersey-industrial-figures-q2-2025 appeared in same results); NJBIZ article undated in results - verify.",D2_cbre_lee.jsonl
2025,Q2,Northern/Central NJ,all,construction_starts_sf,8.5,SF_millions,CBRE Northeast Industrial & Logistics Construction Watch Report Q2 2025,https://www.cbre.com/insights/reports/northeast-industrial-logistics-construction-watch-report-q2-2025,2025,"Construction starts, up from 3.4 MSF in the prior period",D2_cbre_lee.jsonl
2025,Q2,Northern/Central NJ,all,deliveries_sf,2.0,SF_millions,"NJBIZ - CBRE: North, Central Jersey industrial rents continue to climb in Q2 (coverage of CBRE Northern and Central New Jersey Industrial Figures Q2 2025)",https://njbiz.com/cbre-north-central-jersey-industrial-rents-continue-to-climb-in-q2/,2025-07,New space delivered in the quarter. Year/quarter assigned from search context (query was Q2 2025; CBRE Q2 2025 Figures page https://www.cbre.com/insights/figures/northern-and-central-new-jersey-industrial-figures-q2-2025 appeared in same results); NJBIZ article undated in results - verify.,D2_cbre_lee.jsonl
2025,Q2,Northern/Central NJ,all,deliveries_sf,2.2,SF_millions,CBRE Northeast Industrial & Logistics Construction Watch Report Q2 2025,https://www.cbre.com/insights/reports/northeast-industrial-logistics-construction-watch-report-q2-2025,2025,"Northern and Central NJ deliveries, 26.2% of Northeast region total",D2_cbre_lee.jsonl
2025,Q2,Northern/Central NJ,all,leasing_volume_sf,5.9,SF_millions,"NJBIZ - CBRE: North, Central Jersey industrial rents continue to climb in Q2 (coverage of CBRE Northern and Central New Jersey Industrial Figures Q2 2025)",https://njbiz.com/cbre-north-central-jersey-industrial-rents-continue-to-climb-in-q2/,2025-07,"Quarterly leasing activity, up 16% from Q1. Year/quarter assigned from search context (query was Q2 2025; CBRE Q2 2025 Figures page https://www.cbre.com/insights/figures/northern-and-central-new-jersey-industrial-figures-q2-2025 appeared in same results); NJBIZ article undated in results - verify.",D2_cbre_lee.jsonl
2025,Q2,Northern/Central NJ,all,leasing_volume_sf,3.2,SF_millions,"NJBIZ - CBRE: North, Central Jersey industrial rents continue to climb in Q2 (coverage of CBRE Northern and Central New Jersey Industrial Figures Q2 2025)",https://njbiz.com/cbre-north-central-jersey-industrial-rents-continue-to-climb-in-q2/,2025-07,Class A space leased in the quarter (flight to quality). Year/quarter assigned from search context (query was Q2 2025; CBRE Q2 2025 Figures page https://www.cbre.com/insights/figures/northern-and-central-new-jersey-industrial-figures-q2-2025 appeared in same results); NJBIZ article undated in results - verify.,D2_cbre_lee.jsonl
2025,Q2,Northern/Central NJ,all,net_absorption_sf,1.6,SF_millions,"NJBIZ - CBRE: North, Central Jersey industrial rents continue to climb in Q2 (coverage of CBRE Northern and Central New Jersey Industrial Figures Q2 2025)",https://njbiz.com/cbre-north-central-jersey-industrial-rents-continue-to-climb-in-q2/,2025-07,Net absorption in properties built after 2021. Year/quarter assigned from search context (query was Q2 2025; CBRE Q2 2025 Figures page https://www.cbre.com/insights/figures/northern-and-central-new-jersey-industrial-figures-q2-2025 appeared in same results); NJBIZ article undated in results - verify.,D2_cbre_lee.jsonl
2025,Q2,Northern/Central NJ,all,vacancy_rate,5.0,percent,"NJBIZ - CBRE: North, Central Jersey industrial rents continue to climb in Q2 (coverage of CBRE Northern and Central New Jersey Industrial Figures Q2 2025)",https://njbiz.com/cbre-north-central-jersey-industrial-rents-continue-to-climb-in-q2/,2025-07,"Vacancy rose 10 bps to 5.0%, driven by delivery of 2 MSF of new space. Year/quarter assigned from search context (query was Q2 2025; CBRE Q2 2025 Figures page https://www.cbre.com/insights/figures/northern-and-central-new-jersey-industrial-figures-q2-2025 appeared in same results); NJBIZ article undated in results - verify.",D2_cbre_lee.jsonl
2025,Q2,Route 1 / Exit 8A,all,vacancy_change_qoq,140,bps,Savills Northern New Jersey Q2 2025 Industrial Market Report,https://www.savills.us/research_articles/256536/378871-0/northern-new-jersey-q2-2025-industrial-market-report,2025,Exit 8A submarket vacancy up 140 bps from Q1 2025.,D1_cushman_savills.jsonl
2025,Q2,Route 1 / Exit 8A,all,vacancy_change_yoy,430,bps,Savills Northern New Jersey Q2 2025 Industrial Market Report,https://www.savills.us/research_articles/256536/378871-0/northern-new-jersey-q2-2025-industrial-market-report,2025,Exit 8A submarket vacancy up 430 bps since Q2 2024; a driving force behind overall market softening.,D1_cushman_savills.jsonl
2025,Q3,I-95 / NJ Turnpike corridor,all,leasing_share,78.7,percent,ROI-NJ: Cushman & Wakefield scorecards show N.J. industrial market rose in 3Q (C&W Q3 2025 New Jersey industrial statistics),https://www.roi-nj.com/2025/10/02/real_estate/cushman-wakefield-scorecards-show-n-j-industrial-market-rose-in-3q/,2025-10-02,NJ Turnpike corridor submarkets' share of total Q3 2025 leasing activity.,D1_cushman_savills.jsonl
2025,Q3,New Jersey,all,avg_price_psf,207.72,USD/SF,"Lee & Associates Q3 2025 New Jersey, NJ Industrial Market Overview",https://www.lee-associates.com/wp-content/uploads/2025/10/2025-Q3-New-Jersey-NJ-Industrial.pdf,2025-10,Sale price PSF indicator; text: average pricing fell 20% QoQ to $208 PSF,D2_cbre_lee.jsonl
2025,Q3,New Jersey,all,cap_rate,8.4,percent,"Lee & Associates Q3 2025 New Jersey, NJ Industrial Market Overview",https://www.lee-associates.com/wp-content/uploads/2025/10/2025-Q3-New-Jersey-NJ-Industrial.pdf,2025-10,Average cap rate decompressed 60 bps QoQ to 8.4% as Fed cut 25 bps to 4.00%-4.25% in September,D2_cbre_lee.jsonl
2025,Q3,New Jersey,all,free_rent_months,5,months,"Lee & Associates Q3 2025 New Jersey, NJ Industrial Market Overview",https://www.lee-associates.com/wp-content/uploads/2025/10/2025-Q3-New-Jersey-NJ-Industrial.pdf,2025-10,"Free rent now averaging 5+ months, especially in tertiary Class A space",D2_cbre_lee.jsonl
2025,Q3,New Jersey,all,net_absorption_sf,718000,SF,"Lee & Associates Q3 2025 New Jersey, NJ Industrial Market Overview",https://www.lee-associates.com/wp-content/uploads/2025/10/2025-Q3-New-Jersey-NJ-Industrial.pdf,2025-10,"Net absorption 718K SF, turning positive QoQ",D2_cbre_lee.jsonl
2025,Q3,New Jersey,all,sales_volume_industrial,663,USD_millions,"Lee & Associates Q3 2025 New Jersey, NJ Industrial Market Overview",https://www.lee-associates.com/wp-content/uploads/2025/10/2025-Q3-New-Jersey-NJ-Industrial.pdf,2025-10,"Sales volume finished Q3 at $663MM, 45% of the 5-year average",D2_cbre_lee.jsonl
2025,Q3,New Jersey,all,sublet_available_sf,13.9,SF_millions,"Lee & Associates Q3 2025 New Jersey, NJ Industrial Market Overview",https://www.lee-associates.com/wp-content/uploads/2025/10/2025-Q3-New-Jersey-NJ-Industrial.pdf,2025-10,"Available sublet space at all-time highs of 13.9MM SF, mostly in Exit 8A",D2_cbre_lee.jsonl
2025,Q3,New Jersey,all,trend_statement,1,count,"Lee & Associates Q3 2025 New Jersey, NJ Industrial Market Overview",https://www.lee-associates.com/wp-content/uploads/2025/10/2025-Q3-New-Jersey-NJ-Industrial.pdf,2025-10,Average pricing fell 20% QoQ to $208 PSF while average cap rates decompressed 60 bps to 8.4%; sales volume $663MM is 45% of 5-year average,D2_cbre_lee.jsonl
2025,Q3,New Jersey,all,vacancy_rate,7.7,percent,"Lee & Associates Q3 2025 New Jersey, NJ Industrial Market Overview",https://www.lee-associates.com/wp-content/uploads/2025/10/2025-Q3-New-Jersey-NJ-Industrial.pdf,2025-10,Market indicator table,D2_cbre_lee.jsonl
2025,Q3,Northern & Central NJ,100K+,lease_count,28,count,ROI-NJ: Cushman & Wakefield scorecards show N.J. industrial market rose in 3Q (C&W Q3 2025 New Jersey industrial statistics),https://www.roi-nj.com/2025/10/02/real_estate/cushman-wakefield-scorecards-show-n-j-industrial-market-rose-in-3q/,2025-10-02,"New leases over 100,000 SF signed in Q3 2025, totaling 5.7 msf.",D1_cushman_savills.jsonl
2025,Q3,Northern & Central NJ,all,leasing_change_qoq,59.1,percent,ROI-NJ: Cushman & Wakefield scorecards show N.J. industrial market rose in 3Q (C&W Q3 2025 New Jersey industrial statistics),https://www.roi-nj.com/2025/10/02/real_estate/cushman-wakefield-scorecards-show-n-j-industrial-market-rose-in-3q/,2025-10-02,Quarter-over-quarter change in new leasing volume (to 8.9 msf).,D1_cushman_savills.jsonl
2025,Q3,Northern & Central NJ,100K+,leasing_change_yoy,24.8,percent,ROI-NJ: Cushman & Wakefield scorecards show N.J. industrial market rose in 3Q (C&W Q3 2025 New Jersey industrial statistics),https://www.roi-nj.com/2025/10/02/real_estate/cushman-wakefield-scorecards-show-n-j-industrial-market-rose-in-3q/,2025-10-02,Year-over-year change in >100K SF new lease volume (5.7 msf).,D1_cushman_savills.jsonl
2025,Q3,Northern & Central NJ,all,leasing_volume_sf,8.9,SF_millions,ROI-NJ: Cushman & Wakefield scorecards show N.J. industrial market rose in 3Q (C&W Q3 2025 New Jersey industrial statistics),https://www.roi-nj.com/2025/10/02/real_estate/cushman-wakefield-scorecards-show-n-j-industrial-market-rose-in-3q/,2025-10-02,New leasing volume Q3 2025; up 59.1% quarter over quarter.,D1_cushman_savills.jsonl
2025,Q3,Northern & Central NJ,100K+,leasing_volume_sf,5.7,SF_millions,ROI-NJ: Cushman & Wakefield scorecards show N.J. industrial market rose in 3Q (C&W Q3 2025 New Jersey industrial statistics),https://www.roi-nj.com/2025/10/02/real_estate/cushman-wakefield-scorecards-show-n-j-industrial-market-rose-in-3q/,2025-10-02,"Volume of 28 new leases >100,000 SF in Q3 2025; +24.8% vs Q3 2024.",D1_cushman_savills.jsonl
2025,Q3,Northern & Central NJ,all,net_absorption_sf,4.1,SF_millions,ROI-NJ: Cushman & Wakefield scorecards show N.J. industrial market rose in 3Q (C&W Q3 2025 New Jersey industrial statistics),https://www.roi-nj.com/2025/10/02/real_estate/cushman-wakefield-scorecards-show-n-j-industrial-market-rose-in-3q/,2025-10-02,Positive net absorption of 4.1 msf in Q3 2025; first positive quarter since Q1 2023.,D1_cushman_savills.jsonl
2025,Q3,Northern & Central NJ,all,trend_statement,1,count,ROI-NJ: Cushman & Wakefield scorecards show N.J. industrial market rose in 3Q (C&W Q3 2025 New Jersey industrial statistics),https://www.roi-nj.com/2025/10/02/real_estate/cushman-wakefield-scorecards-show-n-j-industrial-market-rose-in-3q/,2025-10-02,"Largest Q3 2025 new leases: Sino Investment 480,000 SF Robbinsville; BroadRange Logistics 479,700 SF Carteret; 4DS Logistics 439,015 SF Jersey City.",D1_cushman_savills.jsonl
2025,Q4,New Jersey,all,avg_months_on_market,6,months,"Lee & Associates Q4 2025 New Jersey, NJ Industrial Market Overview",https://www.lee-associates.com/wp-content/uploads/2026/01/2025-Q4-New-Jersey-NJ-Industrial.pdf,2026-01,Space leased in 6 months on average,D2_cbre_lee.jsonl
2025,Q4,New Jersey,all,avg_price_psf,187,USD/SF,"Lee & Associates Q4 2025 New Jersey, NJ Industrial Market Overview",https://www.lee-associates.com/wp-content/uploads/2026/01/2025-Q4-New-Jersey-NJ-Industrial.pdf,2026-01,Average pricing fell 12% QoQ to $187 PSF,D2_cbre_lee.jsonl
2025,Q4,New Jersey,all,cap_rate,6.4,percent,"Lee & Associates Q4 2025 New Jersey, NJ Industrial Market Overview",https://www.lee-associates.com/wp-content/uploads/2026/01/2025-Q4-New-Jersey-NJ-Industrial.pdf,2026-01,Average cap rate compressed 200 bps QoQ to 6.4% as Fed cut 50 bps twice to 3.50%-3.75% in December,D2_cbre_lee.jsonl
2025,Q4,New Jersey,all,free_rent_months,4.5,months,"Lee & Associates Q4 2025 New Jersey, NJ Industrial Market Overview",https://www.lee-associates.com/wp-content/uploads/2026/01/2025-Q4-New-Jersey-NJ-Industrial.pdf,2026-01,"Landlords offering free rent averaging 4.5 months, especially tertiary Class A",D2_cbre_lee.jsonl
2025,Q4,New Jersey,100K+,lease_count_over_100k,25,count,"Lee & Associates Q4 2025 New Jersey, NJ Industrial Market Overview",https://www.lee-associates.com/wp-content/uploads/2026/01/2025-Q4-New-Jersey-NJ-Industrial.pdf,2026-01,25 leases over 100K SF signed,D2_cbre_lee.jsonl
2025,Q4,New Jersey,all,leasing_volume_sf,8.8,SF_millions,"Lee & Associates Q4 2025 New Jersey, NJ Industrial Market Overview",https://www.lee-associates.com/wp-content/uploads/2026/01/2025-Q4-New-Jersey-NJ-Industrial.pdf,2026-01,"Leasing fell notably QoQ to 8.8MM SF, 72% of 5-year average; deals took 6 months on average",D2_cbre_lee.jsonl
2025,Q4,New Jersey,all,net_absorption_sf,1.9,SF_millions,"Lee & Associates Q4 2025 New Jersey, NJ Industrial Market Overview",https://www.lee-associates.com/wp-content/uploads/2026/01/2025-Q4-New-Jersey-NJ-Industrial.pdf,2026-01,"Net absorption 1.9MM SF, more than doubling QoQ",D2_cbre_lee.jsonl
2025,Q4,New Jersey,all,rent_growth_qoq,-2,percent,"Lee & Associates Q4 2025 New Jersey, NJ Industrial Market Overview",https://www.lee-associates.com/wp-content/uploads/2026/01/2025-Q4-New-Jersey-NJ-Industrial.pdf,2026-01,Rental growth dipped 2% overall in Q4 2025,D2_cbre_lee.jsonl
2025,Q4,New Jersey,all,sales_volume_industrial,1200,USD_millions,"Lee & Associates Q4 2025 New Jersey, NJ Industrial Market Overview",https://www.lee-associates.com/wp-content/uploads/2026/01/2025-Q4-New-Jersey-NJ-Industrial.pdf,2026-01,"Sales volume grew substantially to $1.2B, 80% of the 5-year average",D2_cbre_lee.jsonl
2025,Q4,New Jersey,all,sublease_leasing_sf,864000,SF,"Lee & Associates Q4 2025 New Jersey, NJ Industrial Market Overview",https://www.lee-associates.com/wp-content/uploads/2026/01/2025-Q4-New-Jersey-NJ-Industrial.pdf,2026-01,"20 sublease deals totaling 864K SF, 10% of all inked space, more than doubling QoQ",D2_cbre_lee.jsonl
2025,Q4,New Jersey,all,sublease_share_of_leasing,10,percent,"Lee & Associates Q4 2025 New Jersey, NJ Industrial Market Overview",https://www.lee-associates.com/wp-content/uploads/2026/01/2025-Q4-New-Jersey-NJ-Industrial.pdf,2026-01,Subleases as share of all leased SF,D2_cbre_lee.jsonl
2025,Q4,New Jersey,all,sublet_available_sf,15,SF_millions,"Lee & Associates Q4 2025 New Jersey, NJ Industrial Market Overview",https://www.lee-associates.com/wp-content/uploads/2026/01/2025-Q4-New-Jersey-NJ-Industrial.pdf,2026-01,Available sublet space at all-time high of 15MM SF,D2_cbre_lee.jsonl
2025,Q4,New Jersey,all,trend_statement,1,count,"Lee & Associates Q4 2025 New Jersey, NJ Industrial Market Overview",https://www.lee-associates.com/wp-content/uploads/2026/01/2025-Q4-New-Jersey-NJ-Industrial.pdf,2026-01,Sales volume grew to $1.2B (80% of 5-year average); average pricing fell 12% to $187 PSF; average cap rates compressed 200 bps to 6.4%,D2_cbre_lee.jsonl
2025,Q4,New Jersey,all,vacancy_rate,7.8,percent,"Lee & Associates Q4 2025 New Jersey, NJ Industrial Market Overview",https://www.lee-associates.com/wp-content/uploads/2026/01/2025-Q4-New-Jersey-NJ-Industrial.pdf,2026-01,Up from 7.7% in Q3 2025 and 6.8% in Q4 2024,D2_cbre_lee.jsonl
2025,Q4,Northern NJ,all,asking_rent_change_qoq,-0.1,percent,Savills Northern New Jersey Q4 2025 Industrial Market Report,https://www.savills.us/research_articles/256536/385636-0/northern-new-jersey-q4-2025-industrial-market-report,2026,"Average asking rents down just 0.1% QoQ, lowest QoQ change since mid-2024; sixth consecutive quarterly decline.",D1_cushman_savills.jsonl
2025,Q4,Northern NJ,all,trend_statement,1,count,Savills Northern New Jersey Q4 2025 Industrial Market Report,https://www.savills.us/research_articles/256536/385636-0/northern-new-jersey-q4-2025-industrial-market-report,2026,"Asking rents fell six straight quarters through Q4 2025 but market appears to be testing a floor (-0.1% QoQ, vacancy +10 bps).",D1_cushman_savills.jsonl
2025,Q4,Northern NJ,all,vacancy_change_qoq,10,bps,Savills Northern New Jersey Q4 2025 Industrial Market Report,https://www.savills.us/research_articles/256536/385636-0/northern-new-jersey-q4-2025-industrial-market-report,2026,Market vacancy climbed 10 bps from Q3 2025.,D1_cushman_savills.jsonl
